,RMSE,MAE,Average Accuracy,Accuracy Deviation
Bassano AGCM,3.8497933872314865,2.908139486578496,0.26664669390577034,0.2320770153208508
Finnegan AGCM,3.588378456135368,2.6661238599406643,0.26466752656111386,0.2488201023643498
Lathom AGCM,4.63754079070134,3.6665622125501223,0.28575651358562576,0.2799219081817655
Patricia AGCM,2.8491545573360706,2.3600314306824104,0.28215112570994416,0.3805292320979184
Pollockville AGDM,2.9075612956033376,2.3363044591377617,0.21541353392884371,0.21043222453363888
Rosemary IMCIN,2.775164076072927,2.098949662126277,0.24037028633686686,0.3110615773198513
Verger AGCM,2.5307543073968057,2.125760932574454,0.2829772441437598,0.43421537865632476
