,RMSE,MAE,Average Accuracy,Accuracy Deviation
Bassano AGCM,7.031739579535804,5.55845537143557,0.7697061133653171,1.0250606024146856
Finnegan AGCM,6.216619202203518,4.666878675410281,0.47228823730852953,0.45789811543421965
Lathom AGCM,5.469618051977917,4.225681141650547,0.42121001852168805,0.9656501570237654
Patricia AGCM,3.730189538775616,3.1227023430168637,0.32777612315293164,0.3572055944275688
Pollockville AGDM,5.160748442525577,3.875089550504218,0.3656850117626982,0.4080939091926387
Rosemary IMCIN,3.8856117475861054,3.0042013664284473,0.31601786259419484,0.28940826189881635
Verger AGCM,4.083348847354083,3.1055467652885813,0.34577601227987215,0.33347785325890683
