,RMSE,MAE,Average Accuracy,Accuracy Deviation
Bassano AGCM,5.739066462484682,4.641646344700586,0.6476852618839911,1.2731570437047217
Finnegan AGCM,5.1208099528410465,4.174922032654287,0.45100404363025587,0.4504360674107673
Lathom AGCM,5.231518858649309,4.070000920752468,0.43573414888221423,0.6694413089206125
Patricia AGCM,3.942772006268229,3.226837836610882,0.374864697286955,0.4101513131166293
Pollockville AGDM,4.4533691119801855,3.4560720315446027,0.3249954564529524,0.3631490570615162
Rosemary IMCIN,3.739823883114421,2.763877563210934,0.3617650116846623,0.624707936650427
Verger AGCM,3.697190699241667,2.889584043451949,0.6279272826167815,1.4411082046612351
